{
  "cxxNamespace": ["image"],
  "ios": {
    "iosModuleName": "NitroImage"
  },
  "android": {
    "androidNamespace": ["image"],
    "androidCxxLibName": "NitroImage"
  },
  "autolinking": {
    "ImageFactory": {
      "swift": "HybridImageFactory",
      "kotlin": "ImageFactory"
    },
    "TestObjectCpp": {
      "cpp": "HybridTestObjectCpp"
    },
    "TestObjectSwiftKotlin": {
      "swift": "HybridTestObjectSwift",
      "kotlin": "HybridTestObjectKotlin"
    },
    "Base": {
      "swift": "HybridBase",
      "kotlin": "HybridBase"
    },
    "Child": {
      "swift": "HybridChild",
      "kotlin": "HybridChild"
    }
  },
  "ignorePaths": ["node_modules"]
}
